name,genre
Taylor Swift,country
Rascal Flatts,country
Zac Brown Band,country
Keith Urban,country
Sugarland,country
Darius Rucker,country
Kenny Chesney,country
George Strait,country
Toby Keith,country
Jason Aldean,country
Carrie Underwood,country
Lady A,country
Brad Paisley,country
Dierks Bentley,country
Tim McGraw,country
Billy Currington,country
Alan Jackson,country
Blake Shelton,country
Reba McEntire,country
Montgomery Gentry,country
Brooks & Dunn,country
Trace Adkins,country
Randy Houser,country
Jamey Johnson,country
Rodney Atkins,country
Jake Owen,country
Kellie Pickler,country
Justin Moore,country
Miranda Lambert,country
Martina McBride,country
Chris Young,country
Faith Hill,country
Eric Church,country
Craig Morgan,country
Luke Bryan,country
Jack Ingram,country
Gloriana,country
Jason Michael Carroll,country
Eli Young Band,country
Elvis Presley,country
Love And Theft,country
Darryl Worley,country
Lee Ann Womack,country
Randy Travis,country
David Nail,country
John Rich,country
Pat Green,country
Jimmy Wayne,country
Julianne Hough ,country
The Lost Trailers,country
Lady A,country
Taylor Swift,country
Zac Brown Band,country
Carrie Underwood,country
Jason Aldean,country
Miranda Lambert,country
Kenny Chesney,country
Darius Rucker,country
Brad Paisley,country
Josh Turner,country
Keith Urban,country
Reba McEntire,country
Luke Bryan,country
Sugarland,country
Blake Shelton,country
Easton Corbin,country
Tim McGraw,country
Rascal Flatts,country
Billy Currington,country
Toby Keith,country
George Strait,country
Chris Young,country
Justin Moore,country
Alan Jackson,country
Dierks Bentley,country
The Band Perry,country
Lee Brice,country
Trace Adkins,country
Joe Nichols,country
Jerrod Niemann,country
Eric Church,country
Clay Walker,country
Little Big Town,country
Craig Morgan,country
Gary Allan,country
Steel Magnolia,country
Rodney Atkins,country
Uncle Kracker,country
Josh Thompson,country
David Nail,country
Martina McBride,country
Miley Cyrus,country
Jaron And The Long Road To Love,country
Danny Gokey,country
Jamey Johnson,country
Kellie Pickler,country
Brooks & Dunn,country
Gretchen Wilson,country
Colt Ford ,country
Jake Owen,country
Taylor Swift,country
Jason Aldean,country
Lady A,country
Zac Brown Band,country
Blake Shelton,country
The Band Perry,country
Rascal Flatts,country
Kenny Chesney,country
Brad Paisley,country
Luke Bryan,country
Keith Urban,country
Miranda Lambert,country
Sugarland,country
Eric Church,country
Scotty McCreery,country
Toby Keith,country
Thompson Square,country
Chris Young,country
Billy Currington,country
Tim McGraw,country
Sara Evans,country
Darius Rucker,country
George Strait,country
Carrie Underwood,country
Jerrod Niemann,country
Jake Owen,country
Eli Young Band,country
Justin Moore,country
Trace Adkins,country
Rodney Atkins,country
Brantley Gilbert,country
Ronnie Dunn,country
Alan Jackson,country
Reba McEntire,country
Dierks Bentley,country
Lauren Alaina,country
Easton Corbin,country
Josh Turner,country
Craig Campbell,country
Martina McBride,country
Joe Nichols,country
Sunny Sweeney,country
The JaneDear Girls,country
Steel Magnolia,country
Steve Holy,country
David Nail,country
Jamey Johnson,country
Randy Travis,country
Ashton Shepherd,country
Uncle Kracker,country
Taylor Swift,country
Jason Aldean,country
Luke Bryan,country
Lady A,country
Carrie Underwood,country
Eric Church,country
Zac Brown Band,country
Blake Shelton,country
Toby Keith,country
Kenny Chesney,country
The Band Perry,country
Tim McGraw,country
Miranda Lambert,country
Rascal Flatts,country
Lionel Richie,country
Lee Brice,country
Hunter Hayes,country
Scotty McCreery,country
Brantley Gilbert,country
Little Big Town,country
Jake Owen,country
Dierks Bentley,country
Kip Moore,country
Josh Turner,country
Eli Young Band,country
Chris Young,country
Brad Paisley,country
George Strait,country
Keith Urban,country
Justin Moore,country
Dustin Lynch,country
Gloriana,country
Jana Kramer,country
Alan Jackson,country
Love And Theft,country
Easton Corbin,country
Florida Georgia Line,country
Martina McBride,country
Pistol Annies,country
Thompson Square,country
Rodney Atkins,country
Billy Currington,country
Montgomery Gentry,country
Lauren Alaina,country
Colt Ford,country
Chris Cagle,country
David Nail,country
Craig Morgan,country
Casey James,country
Edens Edge,country
Florida Georgia Line,country
Luke Bryan,country
Taylor Swift,country
Blake Shelton,country
Hunter Hayes,country
Jason Aldean,country
Carrie Underwood,country
Tim McGraw,country
Lady A,country
The Band Perry,country
Darius Rucker,country
Kenny Chesney,country
Eric Church,country
Miranda Lambert,country
Little Big Town,country
Randy Houser,country
Lee Brice,country
Zac Brown Band,country
Brad Paisley,country
Gary Allan,country
George Strait,country
Kip Moore,country
Justin Moore,country
Chris Young,country
Jake Owen,country
Keith Urban,country
Thomas Rhett,country
Kacey Musgraves,country
Tyler Farr,country
Brett Eldredge,country
Scotty McCreery,country
Thompson Square,country
Billy Currington,country
Easton Corbin,country
Toby Keith,country
Brantley Gilbert,country
Cassadee Pope,country
Pistol Annies,country
Rascal Flatts,country
Alan Jackson,country
Dierks Bentley,country
Eli Young Band,country
Joe Nichols,country
Sheryl Crow,country
Parmalee,country
Dustin Lynch,country
Danielle Bradbery,country
The Robertsons,country
Jana Kramer,country
Gloriana,country
Luke Bryan,country
Florida Georgia Line,country
Jason Aldean,country
Eric Church,country
Blake Shelton,country
Brantley Gilbert,country
Miranda Lambert,country
Lady A,country
Garth Brooks,country
Dierks Bentley,country
Cole Swindell,country
Keith Urban,country
Kenny Chesney,country
Sam Hunt,country
Tim McGraw,country
Jake Owen,country
Rascal Flatts,country
The Robertsons,country
Brad Paisley,country
Lee Brice,country
Thomas Rhett,country
Hunter Hayes,country
Frankie Ballard,country
Chase Rice,country
George Strait,country
Zac Brown Band,country
Justin Moore,country
Little Big Town,country
Dustin Lynch,country
Taylor Swift,country
Dan + Shay,country
David Nail,country
Scotty McCreery,country
The Band Perry,country
Brett Eldredge,country
Eli Young Band,country
Jerrod Niemann,country
Tyler Farr,country
Chris Young,country
Joe Nichols,country
Carrie Underwood,country
Eric Paslay,country
Parmalee,country
Kacey Musgraves,country
Randy Houser,country
Billy Currington,country
Cassadee Pope,country
Danielle Bradbery,country
Maddie & Tae,country
Luke Bryan,country
Sam Hunt,country
Zac Brown Band,country
Carrie Underwood,country
Florida Georgia Line,country
Jason Aldean,country
Eric Church,country
Blake Shelton,country
Kenny Chesney,country
Little Big Town,country
Thomas Rhett,country
Tim McGraw,country
Cole Swindell,country
Brett Eldredge,country
Keith Urban,country
Garth Brooks,country
Darius Rucker,country
Chris Young,country
Brantley Gilbert,country
Brad Paisley,country
Lee Brice,country
Chris Stapleton,country
Miranda Lambert,country
Chase Rice,country
Dierks Bentley,country
Kelsea Ballerini,country
George Strait,country
Chris Janson,country
Maddie & Tae,country
A Thousand Horses,country
Old Dominion,country
Tyler Farr,country
Canaan Smith,country
Lady A,country
Billy Currington,country
Jake Owen,country
Cam,country
Easton Corbin,country
Dustin Lynch,country
Reba McEntire,country
Michael Ray,country
Dan + Shay,country
Frankie Ballard,country
Jana Kramer,country
Kacey Musgraves,country
Randy Houser,country
Parmalee,country
Kip Moore,country
Brothers Osborne,country
Don Henley,country
Chris Stapleton,country
Blake Shelton,country
Florida Georgia Line,country
Thomas Rhett,country
Carrie Underwood,country
Luke Bryan,country
Keith Urban,country
Sam Hunt,country
Jason Aldean,country
Cole Swindell,country
Tim McGraw,country
Dierks Bentley,country
Eric Church,country
Joey + Rory,country
Kenny Chesney,country
Chris Young,country
Maren Morris,country
Kelsea Ballerini,country
Old Dominion,country
Zac Brown Band,country
Brett Eldredge,country
Jon Pardi,country
Dan + Shay,country
Brothers Osborne,country
Cam,country
Jake Owen,country
Granger Smith,country
LOCASH,country
Justin Moore,country
Dustin Lynch,country
Chris Lane,country
Brett Young,country
Miranda Lambert,country
Rascal Flatts,country
Brad Paisley,country
Billy Currington,country
Brantley Gilbert,country
Randy Houser,country
Jennifer Nettles,country
William Michael Morgan,country
Lee Brice,country
David Nail,country
Hillary Scott & The Scott Family,country
Tucker Beathard,country
Kane Brown,country
Sturgill Simpson,country
Jana Kramer,country
Frankie Ballard,country
Chase Bryant,country
Drake White,country
Sam Hunt,country
Chris Stapleton,country
Thomas Rhett,country
Florida Georgia Line,country
Luke Combs,country
Brett Young,country
Keith Urban,country
Blake Shelton,country
Jon Pardi,country
Luke Bryan,country
Kane Brown,country
Kenny Chesney,country
Zac Brown Band,country
Jason Aldean,country
Eric Church,country
Miranda Lambert,country
Garth Brooks,country
Maren Morris,country
Dustin Lynch,country
Old Dominion,country
Brantley Gilbert,country
Little Big Town,country
Carrie Underwood,country
Kelsea Ballerini,country
Cole Swindell,country
Dierks Bentley,country
Brett Eldredge,country
Lady A,country
Chris Young,country
Tim McGraw,country
Brothers Osborne,country
Rascal Flatts,country
Midland,country
Dylan Scott,country
Brad Paisley,country
Lauren Alaina,country
Dan + Shay,country
Carly Pearce,country
Josh Turner,country
Darius Rucker,country
LANCO,country
Johnny Cash,country
Taylor Swift,country
Kip Moore,country
Chris Janson,country
Justin Moore,country
Shania Twain,country
Chris Lane,country
Billy Currington,country
Reba McEntire,country
Chris Stapleton,country
Kane Brown,country
Florida Georgia Line,country
Luke Combs,country
Thomas Rhett,country
Luke Bryan,country
Jason Aldean,country
Dan + Shay,country
Kenny Chesney,country
Blake Shelton,country
Brett Young,country
Keith Urban,country
Carrie Underwood,country
Old Dominion,country
Eric Church,country
Sam Hunt,country
LANCO,country
Dierks Bentley,country
Chris Young,country
Cole Swindell,country
Garth Brooks,country
Russell Dickerson,country
Jon Pardi,country
Maren Morris,country
Jordan Davis,country
Scotty McCreery,country
Kelsea Ballerini,country
Tim McGraw,country
Dustin Lynch,country
Morgan Wallen,country
Zac Brown Band,country
Darius Rucker,country
Jake Owen,country
Brett Eldredge,country
Chris Janson,country
Alan Jackson,country
Dylan Scott,country
Devin Dawson,country
Chris Lane,country
Walker Hayes,country
Miranda Lambert,country
Brothers Osborne,country
Kacey Musgraves,country
Sugarland,country
Midland,country
Mitchell Tenpenny,country
Jimmie Allen,country
George Strait,country
Morgan Evans,country
Faith Hill,country
Luke Combs,country
Dan + Shay,country
Kane Brown,country
Thomas Rhett,country
Florida Georgia Line,country
Chris Stapleton,country
Morgan Wallen,country
Maren Morris,country
Jason Aldean,country
Blake Shelton,country
Luke Bryan,country
Brett Young,country
Carrie Underwood,country
Jon Pardi,country
Zac Brown Band,country
George Strait,country
Old Dominion,country
Eric Church,country
Lee Brice,country
Kacey Musgraves,country
Kelsea Ballerini,country
Dierks Bentley,country
Blanco Brown,country
Jordan Davis,country
Tim McGraw,country
Chris Lane,country
Cody Johnson,country
Mitchell Tenpenny,country
Chase Rice,country
Russell Dickerson,country
Brooks & Dunn,country
Scotty McCreery,country
Kenny Chesney,country
Jimmie Allen,country
Cole Swindell,country
Midland,country
Matt Stell,country
Keith Urban,country
Sam Hunt,country
Rascal Flatts,country
Justin Moore,country
Riley Green,country
Chris Young,country
Brett Eldredge,country
Dustin Lynch,country
Eli Young Band,country
Jake Owen,country
Lady A,country
Chris Janson,country
Brantley Gilbert,country
Luke Combs,country
Morgan Wallen,country
Kane Brown,country
Maren Morris,country
Jason Aldean,country
Sam Hunt,country
Gabby Barrett,country
Blake Shelton,country
Thomas Rhett,country
Dan + Shay,country
Luke Bryan,country
Jon Pardi,country
Old Dominion,country
Florida Georgia Line,country
Kenny Chesney,country
Brett Young,country
Miranda Lambert,country
Chris Stapleton,country
Lee Brice,country
Kelsea Ballerini,country
Tim McGraw,country
Maddie & Tae,country
Lady A,country
Jordan Davis,country
Keith Urban,country
Carrie Underwood,country
Kacey Musgraves,country
HARDY,country
Zac Brown Band,country
Dustin Lynch,country
Riley Green,country
Eric Church,country
Ingrid Andress,country
George Strait,country
Tyler Childers,country
Carly Pearce,country
Travis Denning,country
Russell Dickerson,country
Parker McCollum,country
Jameson Rodgers,country
Rascal Flatts,country
Brooks & Dunn,country
Matt Stell,country
Ashley McBryde,country
Jimmie Allen,country
Jake Owen,country
The Chicks,country
Chris Janson,country
Justin Moore,country
LOCASH,country
Taylor Swift,country
Rascal Flatts,country
Zac Brown Band,country
Sugarland,country
Carrie Underwood,country
Kenny Chesney,country
George Strait,country
Darius Rucker,country
Jason Aldean,country
Keith Urban,country
Lady A,country
Toby Keith,country
Tim McGraw,country
Brad Paisley,country
Jamey Johnson,country
Faith Hill,country
Alan Jackson,country
Dierks Bentley,country
Elvis Presley,country
Reba McEntire,country
Trace Adkins,country
Miranda Lambert,country
Billy Currington,country
Brooks & Dunn,country
Julianne Hough,country
Lady A,country
Taylor Swift,country
Zac Brown Band,country
Carrie Underwood,country
Jason Aldean,country
Sugarland,country
Miranda Lambert,country
Kenny Chesney,country
Darius Rucker,country
Tim McGraw,country
Toby Keith,country
Blake Shelton,country
Reba McEntire,country
Brad Paisley,country
Rascal Flatts,country
Luke Bryan,country
Josh Turner,country
Miley Cyrus,country
Brooks & Dunn,country
Easton Corbin,country
Alan Jackson,country
Jamey Johnson,country
Keith Urban,country
Chris Young,country
Dierks Bentley,country
Taylor Swift,country
Lady A,country
Jason Aldean,country
Zac Brown Band,country
Rascal Flatts,country
Blake Shelton,country
Brad Paisley,country
The Band Perry,country
Scotty McCreery,country
Sugarland,country
Keith Urban,country
Eric Church,country
Kenny Chesney,country
Miranda Lambert,country
Luke Bryan,country
Tim McGraw,country
Billy Currington,country
Toby Keith,country
Darius Rucker,country
Alan Jackson,country
George Strait,country
Justin Moore,country
Trace Adkins,country
Sara Evans,country
Alison Krauss + Union Station,country
Taylor Swift,country
Jason Aldean,country
Luke Bryan,country
Lady A,country
Lionel Richie,country
Zac Brown Band,country
Carrie Underwood,country
Scotty McCreery,country
Eric Church,country
Blake Shelton,country
Kenny Chesney,country
The Band Perry,country
Toby Keith,country
Rascal Flatts,country
Miranda Lambert,country
Brantley Gilbert,country
Tim McGraw,country
Little Big Town,country
Josh Turner,country
George Strait,country
Hunter Hayes,country
Alan Jackson,country
Pistol Annies,country
Lee Brice,country
Dierks Bentley,country
Luke Bryan,country
Taylor Swift,country
Blake Shelton,country
Florida Georgia Line,country
Lady A,country
Jason Aldean,country
Eric Church,country
Hunter Hayes,country
Little Big Town,country
Carrie Underwood,country
Kenny Chesney,country
Tim McGraw,country
The Band Perry,country
George Strait,country
Scotty McCreery,country
Darius Rucker,country
Gary Allan,country
Alan Jackson,country
Zac Brown Band,country
Pistol Annies,country
Brad Paisley,country
Miranda Lambert,country
Kacey Musgraves,country
Toby Keith,country
Justin Moore,country
Luke Bryan,country
Florida Georgia Line,country
Garth Brooks,country
Eric Church,country
Jason Aldean,country
Brantley Gilbert,country
Blake Shelton,country
The Robertsons,country
Miranda Lambert,country
Lady A,country
George Strait,country
Cole Swindell,country
Kenny Chesney,country
 Dierks Bentley,country
Hunter Hayes,country
Kacey Musgraves,country
Tim McGraw,country
Keith Urban,country
Jake Owen,country
Rascal Flatts,country
Zac Brown Band,country
Chase Rice,country
Darius Rucker,country
Jennifer Nettles,country
Johnny Cash,country
Luke Bryan,country
Zac Brown Band,country
Sam Hunt,country
Carrie Underwood,country
Jason Aldean,country
Garth Brooks,country
Eric Church,country
Florida Georgia Line,country
George Strait,country
Chris Stapleton,country
Little Big Town,country
Darius Rucker,country
Blake Shelton,country
Brantley Gilbert,country
Miranda Lambert,country
Tim McGraw,country
Cole Swindell,country
Kenny Chesney,country
Thomas Rhett,country
Chase Rice,country
Reba McEntire,country
Don Henley,country
Kacey Musgraves,country
Lady A,country
Alan Jackson,country
Chris Stapleton,country
Blake Shelton,country
Joey + Rory,country
Carrie Underwood,country
Luke Bryan,country
Sam Hunt,country
Eric Church,country
Thomas Rhett,country
Florida Georgia Line,country
Keith Urban,country
Jason Aldean,country
Chris Young,country
Cole Swindell,country
Dierks Bentley,country
Tim McGraw,country
Zac Brown Band,country
Maren Morris ,country
Old Dominion,country
Sturgill Simpson,country
Cam,country
Kelsea Ballerini,country
Kenny Chesney,country
Hank Williams Jr.,country
Brett Eldredge,country
Jennifer Nettles,country
Chris Stapleton,country
Florida Georgia Line,country
Thomas Rhett,country
Zac Brown Band,country
Keith Urban,country
Garth Brooks,country
Luke Bryan,country
Blake Shelton,country
Miranda Lambert,country
Kenny Chesney,country
Kane Brown,country
Eric Church,country
Brett Young,country
Sam Hunt,country
Luke Combs,country
Brantley Gilbert,country
Jon Pardi,country
Jason Aldean,country
Carrie Underwood,country
Maren Morris,country
Old Dominion,country
Johnny Cash,country
Kelsea Ballerini,country
Cole Swindell,country
Shania Twain,country
Chris Stapleton,country
Luke Bryan,country
Thomas Rhett,country
Luke Combs,country
Jason Aldean,country
Kane Brown,country
Blake Shelton,country
Florida Georgia Line,country
Keith Urban,country
Carrie Underwood,country
Brett Young,country
Kenny Chesney,country
Taylor Swift,country
Eric Church,country
Garth Brooks,country
Jon Pardi,country
Sam Hunt,country
Tim McGraw,country
Dan + Shay,country
Zac Brown Band,country
Old Dominion,country
Alan Jackson,country
Elvis Presley,country
Dierks Bentley,country
LANCO,country
Luke Combs,country
Kane Brown,country
Chris Stapleton,country
Thomas Rhett,country
Florida Georgia Line,country
Dan + Shay,country
Brett Young,country
Zac Brown Band,country
Jason Aldean,country
Maren Morris,country
George Strait,country
Kacey Musgraves,country
Morgan Wallen,country
Carrie Underwood,country
Jon Pardi,country
Luke Bryan,country
Taylor Swift,country
Blake Shelton,country
Elvis Presley,country
Brooks & Dunn,country
Eric Church,country
Tim McGraw,country
Sam Hunt,country
Johnny Cash,country
Jordan Davis,country
Luke Combs,country
Kane Brown,country
Blake Shelton,country
Morgan Wallen,country
Jason Aldean,country
Thomas Rhett,country
Sam Hunt,country
Chris Stapleton,country
Jon Pardi,country
Florida Georgia Line,country
Maren Morris,country
Elvis Presley,country
Dan + Shay,country
Taylor Swift,country
Kenny Chesney,country
Old Dominion,country
Brett Young,country
Luke Bryan,country
Tim McGraw,country
Zac Brown Band,country
Kacey Musgraves,country
Tyler Childers,country
Miranda Lambert,country
Carrie Underwood,country
George Strait,country
Lady Gaga,pop
Britney Spears,pop
P!nk,pop
Kelly Clarkson,pop
Katy Perry,pop
Ke$ha,pop
Lady Gaga,pop
Taio Cruz,pop
Katy Perry,pop
B.o.B ,pop
Katy Perry,pop
Britney Spears,pop
Lady Gaga,pop
Adele,pop
Ke$ha,pop
P!nk,pop
Katy Perry,pop
Maroon 5,pop
Adele,pop
David Guetta,pop
Carly Rae Jepsen,pop
Kelly Clarkson,pop
fun.,pop
Maroon 5,pop
Justin Timberlake,pop
Imagine Dragons,pop
P!nk,pop
Ke$ha,pop
Selena Gomez,pop
Katy Perry,pop
OneRepublic,pop
Sam Smith,pop
Ariana Grande,pop
Lorde,pop
Nico & Vinz,pop
Charli XCX,pop
Ed Sheeran,pop
Maroon 5,pop
Nick Jonas,pop
Selena Gomez,pop
Ellie Goulding,pop
Tove Lo,pop
WALK THE MOON,pop
Justin Bieber,pop
twenty one pilots,pop
The Chainsmokers,pop
Selena Gomez,pop
Adele,pop
Ariana Grande,pop
Shawn Mendes,pop
Daya,pop
Alessia Cara,pop
Ed Sheeran,pop
The Chainsmokers,pop
Shawn Mendes,pop
Alessia Cara,pop
Niall Horan,pop
Charlie Puth,pop
Maroon 5,pop
Halsey,pop
Imagine Dragons,pop
JAY-Z,rap
Eminem,rap
T.I.,rap
Ludacris,rap
Plies,rap
Rick Ross,rap
Jadakiss,rap
Lil Wayne,rap
 Fabolous,rap
Young Jeezy,rap
Eminem,rap
Drake,rap
Lil Wayne,rap
JAY-Z,rap
Ludacris,rap
Gucci Mane,rap
Young Money,rap
Rick Ross,rap
Kid Cudi,rap
50 Cent,rap
Lil Wayne,rap
Kanye West,rap
Nicki Minaj,rap
Eminem,rap
JAY-Z,rap
Wiz Khalifa,rap
Bad Meets Evil,rap
T.I.,rap
Lupe Fiasco,rap
J. Cole,rap
Drake,rap
Nicki Minaj,rap
LMFAO,rap
Young Jeezy,rap
Lil Wayne,rap
Rick Ross,rap
2 Chainz,rap
Kendrick Lamar,rap
Nas,rap
Tyga,rap
Drake,rap
JAY-Z,rap
Macklemore & Ryan Lewis,rap
Eminem,rap
Kendrick Lamar,rap
J. Cole,rap
Lil Wayne,rap
Kanye West,rap
T.I.,rap
2 Chainz,rap
Eminem,rap
Drake,rap
Childish Gambino,rap
Iggy Azalea,rap
Rick Ross,rap
ScHoolboy Q,rap
Lecrae,rap
Macklemore & Ryan Lewis,rap
Jeezy,rap
YG,rap
Drake,rap
J. Cole,rap
Kendrick Lamar,rap
Nicki Minaj,rap
Meek Mill,rap
Future,rap
Dr. Dre,rap
Big Sean,rap
A$AP Rocky,rap
The Game,rap
Drake,rap
Kendrick Lamar,rap
Kevin Gates,rap
G-Eazy,rap
Future,rap
Logic,rap
Jeezy,rap
Fetty Wap,rap
J. Cole,rap
Rick Ross,rap
Drake,rap
Kendrick Lamar,rap
Future,rap
Post Malone,rap
Migos,rap
J. Cole,rap
Logic,rap
Lil Uzi Vert,rap
Kodak Black,rap
Big Sean,rap
Drake,rap
Post Malone,rap
Eminem,rap
Travis Scott,rap
Migos,rap
Cardi B,rap
XXXTENTACION,rap
Kendrick Lamar,rap
J. Cole,rap
Juice WRLD,rap
Post Malone,rap
Juice WRLD,rap
Drake,rap
Travis Scott,rap
Meek Mill,rap
A Boogie Wit da Hoodie,rap
DaBaby,rap
XXXTENTACION,rap
Cardi B,rap
Lil Baby,rap
Post Malone,rap
Juice WRLD,rap
Pop Smoke,rap
Lil Baby,rap
DaBaby,rap
Roddy Ricch,rap
Lil Uzi Vert,rap
Drake,rap
Rod Wave,rap
YoungBoy Never Broke Again,rap
Macklemore & Ryan Lewis,rap
Drake,rap
Lil Wayne,rap
Kendrick Lamar,rap
JAY-Z,rap
2 Chainz,rap
Eminem,rap
Pitbull,rap
PSY,rap
J. Cole,rap
Macklemore & Ryan Lewis,rap
Drake,rap
Lil Wayne,rap
Kendrick Lamar,rap
JAY-Z,rap
2 Chainz,rap
Eminem,rap
Pitbull,rap
PSY,rap
J. Cole,rap
Macklemore & Ryan Lewis,rap
Drake,rap
Lil Wayne,rap
Kendrick Lamar,rap
JAY-Z,rap
2 Chainz,rap
Eminem,rap
Pitbull,rap
PSY,rap
J. Cole,rap
Macklemore & Ryan Lewis,rap
Drake,rap
Lil Wayne,rap
Kendrick Lamar,rap
JAY-Z,rap
2 Chainz,rap
Eminem,rap
Pitbull,rap
PSY,rap
J. Cole,rap
Macklemore & Ryan Lewis,rap
Drake,rap
Lil Wayne,rap
Kendrick Lamar,rap
JAY-Z,rap
2 Chainz,rap
Eminem,rap
Pitbull,rap
PSY,rap
J. Cole,rap
Iggy Azalea,rap
Eminem,rap
Pitbull,rap
Nicki Minaj,rap
Drake,rap
Kid Ink,rap
Charli XCX,rap
Bobby Shmurda,rap
Young Thug,rap
Becky G,rap
Fetty Wap,rap
Drake,rap
Silento,rap
Nicki Minaj,rap
Wiz Khalifa,rap
Rae Sremmurd,rap
Big Sean,rap
Future,rap
Flo Rida,rap
Pitbull,rap
Drake,rap
Desiigner,rap
Future,rap
Fetty Wap,rap
Kevin Gates,rap
DJ Khaled,rap
Kent Jones,rap
Kanye West,rap
G-Eazy,rap
Kendrick Lamar,rap
Migos,rap
Lil Uzi Vert,rap
Drake,rap
Future,rap
Post Malone,rap
DJ Khaled,rap
Rae Sremmurd,rap
Kodak Black,rap
Cardi B,rap
Drake,rap
Post Malone,rap
Cardi B,rap
Migos,rap
Juice WRLD,rap
XXXTENTACION,rap
6ix9ine,rap
Nicki Minaj,rap
Travis Scott,rap
Lil Pump,rap
Post Malone,rap
Lil Nas X,rap
Cardi B,rap
Travis Scott,rap
DaBaby,rap
Lizzo,rap
Swae Lee,rap
J. Cole,rap
Lil Baby,rap
Drake,rap
Roddy Ricch,rap
DaBaby,rap
Lil Baby,rap
Drake,rap
Megan Thee Stallion,rap
Juice WRLD,rap
Pop Smoke,rap
Arizona Zervas,rap
Lil Uzi Vert,rap
Travis Scott,rap
Beyonce,rnbhiphop
Jamie Foxx,rnbhiphop
Keyshia Cole,rnbhiphop
Maxwell,rnbhiphop
Kanye West,rnbhiphop
Ne-Yo,rnbhiphop
T.I.,rnbhiphop
JAY-Z,rnbhiphop
The-Dream,rnbhiphop
Drake,rnbhiphop
Keri Hilson,rnbhiphop
Musiq Soulchild,rnbhiphop
Lil Wayne,rnbhiphop
 T-Pain,rnbhiphop
Anthony Hamilton,rnbhiphop
Jennifer Hudson,rnbhiphop
Jazmine Sullivan,rnbhiphop
Trey Songz,rnbhiphop
Plies,rnbhiphop
Charlie Wilson,rnbhiphop
Usher,rnbhiphop
Ludacris,rnbhiphop
Chrisette Michele ,rnbhiphop
Whitney Houston,rnbhiphop
Pleasure P,rnbhiphop
Soulja Boy Tell'em,rnbhiphop
Eminem,rnbhiphop
Jeremih,rnbhiphop
Rick Ross,rnbhiphop
Fabolous,rnbhiphop
Ginuwine,rnbhiphop
John Legend,rnbhiphop
Mary Mary,rnbhiphop
Gucci Mane,rnbhiphop
Mariah Carey,rnbhiphop
K'Jon,rnbhiphop
Mario,rnbhiphop
Jadakiss,rnbhiphop
Rihanna,rnbhiphop
The Black Eyed Peas,rnbhiphop
Avant,rnbhiphop
Young Jeezy,rnbhiphop
Young Money,rnbhiphop
Bobby V,rnbhiphop
Akon,rnbhiphop
Robin Thicke,rnbhiphop
Dorrough,rnbhiphop
LeToya,rnbhiphop
India.Arie,rnbhiphop
Kid Cudi,rnbhiphop
Eminem,rnbhiphop
Drake,rnbhiphop
Alicia Keys,rnbhiphop
Usher,rnbhiphop
The Black Eyed Peas,rnbhiphop
Trey Songz,rnbhiphop
Sade,rnbhiphop
Lil Wayne,rnbhiphop
Rihanna,rnbhiphop
Michael Jackson,rnbhiphop
Mary J. Blige,rnbhiphop
Ludacris,rnbhiphop
Monica,rnbhiphop
 Gucci Mane,rnbhiphop
Young Money,rnbhiphop
JAY-Z,rnbhiphop
Rick Ross,rnbhiphop
Robin Thicke,rnbhiphop
Jaheim,rnbhiphop
50 Cent,rnbhiphop
B.o.B,rnbhiphop
Kid Cudi,rnbhiphop
Maxwell,rnbhiphop
Melanie Fiona,rnbhiphop
Chris Brown,rnbhiphop
Beyonce,rnbhiphop
Fantasia,rnbhiphop
R. Kelly,rnbhiphop
Snoop Dogg,rnbhiphop
Marvin Sapp,rnbhiphop
Erykah Badu,rnbhiphop
Timbaland,rnbhiphop
Kem,rnbhiphop
Mariah Carey,rnbhiphop
Corinne Bailey Rae,rnbhiphop
The Roots,rnbhiphop
Birdman,rnbhiphop
The-Dream,rnbhiphop
BeBe & CeCe Winans,rnbhiphop
Plies,rnbhiphop
Whitney Houston,rnbhiphop
Big Boi,rnbhiphop
Janet Jackson,rnbhiphop
Waka Flocka Flame,rnbhiphop
Raheem DeVaughn,rnbhiphop
Toni Braxton,rnbhiphop
Nicki Minaj,rnbhiphop
Chrisette Michele,rnbhiphop
T.I.,rnbhiphop
Lil' Boosie,rnbhiphop
Lil Wayne,rnbhiphop
Nicki Minaj,rnbhiphop
Rihanna,rnbhiphop
Chris Brown,rnbhiphop
Kanye West,rnbhiphop
Eminem,rnbhiphop
Wiz Khalifa,rnbhiphop
Drake,rnbhiphop
Beyonce,rnbhiphop
Trey Songz,rnbhiphop
Usher,rnbhiphop
Pitbull,rnbhiphop
CeeLo Green,rnbhiphop
Miguel,rnbhiphop
Lupe Fiasco,rnbhiphop
JAY-Z,rnbhiphop
Michael Jackson,rnbhiphop
R. Kelly,rnbhiphop
Bad Meets Evil,rnbhiphop
Keri Hilson,rnbhiphop
Waka Flocka Flame,rnbhiphop
T.I.,rnbhiphop
Rick Ross,rnbhiphop
Big Sean,rnbhiphop
Marsha Ambrosius,rnbhiphop
Kelly Rowland,rnbhiphop
The Black Eyed Peas,rnbhiphop
Jamie Foxx,rnbhiphop
Nelly,rnbhiphop
DJ Khaled,rnbhiphop
Diddy - Dirty Money,rnbhiphop
Jeremih,rnbhiphop
Kirk Franklin,rnbhiphop
Jennifer Hudson,rnbhiphop
J. Cole,rnbhiphop
Ne-Yo,rnbhiphop
Jill Scott,rnbhiphop
Charlie Wilson,rnbhiphop
Mariah Carey,rnbhiphop
Kid Cudi,rnbhiphop
Wale,rnbhiphop
Kem,rnbhiphop
Sade,rnbhiphop
50 Cent,rnbhiphop
T-Pain,rnbhiphop
Keyshia Cole,rnbhiphop
Dr. Dre,rnbhiphop
Beastie Boys,rnbhiphop
Snoop Dogg,rnbhiphop
Ace Hood,rnbhiphop
Drake,rnbhiphop
Rihanna,rnbhiphop
Nicki Minaj,rnbhiphop
Lil Wayne,rnbhiphop
Chris Brown,rnbhiphop
Beyonce,rnbhiphop
Tyga,rnbhiphop
Usher,rnbhiphop
2 Chainz,rnbhiphop
Kanye West,rnbhiphop
Trey Songz,rnbhiphop
Wiz Khalifa,rnbhiphop
Rick Ross,rnbhiphop
Young Jeezy,rnbhiphop
JAY-Z,rnbhiphop
Mary J. Blige,rnbhiphop
J. Cole,rnbhiphop
Big Sean,rnbhiphop
Pitbull,rnbhiphop
Wale,rnbhiphop
Miguel,rnbhiphop
B.o.B,rnbhiphop
Eminem,rnbhiphop
Frank Ocean,rnbhiphop
Future,rnbhiphop
Kendrick Lamar,rnbhiphop
Whitney Houston,rnbhiphop
Amy Winehouse,rnbhiphop
Anthony Hamilton,rnbhiphop
Meek Mill,rnbhiphop
Tyrese,rnbhiphop
Mac Miller,rnbhiphop
Snoop Dogg,rnbhiphop
R. Kelly,rnbhiphop
T-Pain,rnbhiphop
Michael Jackson,rnbhiphop
Nas,rnbhiphop
Robin Thicke,rnbhiphop
DJ Khaled,rnbhiphop
Ca$h Out,rnbhiphop
Kirko Bangz,rnbhiphop
Melanie Fiona,rnbhiphop
Waka Flocka Flame,rnbhiphop
Monica,rnbhiphop
Brandy,rnbhiphop
Elle Varner,rnbhiphop
Mindless Behavior,rnbhiphop
Ne-Yo,rnbhiphop
Childish Gambino,rnbhiphop
YelaWolf,rnbhiphop
Justin Timberlake,rnbhiphop
Macklemore & Ryan Lewis,rnbhiphop
Drake,rnbhiphop
Rihanna,rnbhiphop
JAY-Z,rnbhiphop
Robin Thicke,rnbhiphop
Kendrick Lamar,rnbhiphop
Eminem,rnbhiphop
Lil Wayne,rnbhiphop
2 Chainz,rnbhiphop
Alicia Keys,rnbhiphop
J. Cole,rnbhiphop
Miguel,rnbhiphop
A$AP Rocky,rnbhiphop
T.I.,rnbhiphop
Future,rnbhiphop
Chris Brown,rnbhiphop
Kanye West,rnbhiphop
Nicki Minaj,rnbhiphop
Wale,rnbhiphop
Wiz Khalifa,rnbhiphop
The Weeknd,rnbhiphop
Wanz,rnbhiphop
Ciara,rnbhiphop
Big Sean,rnbhiphop
Juicy J,rnbhiphop
Beyonce,rnbhiphop
Emeli Sande,rnbhiphop
Tamar Braxton,rnbhiphop
Ray Dalton,rnbhiphop
Frank Ocean,rnbhiphop
French Montana,rnbhiphop
Tyga,rnbhiphop
Sage The Gemini,rnbhiphop
Keyshia Cole,rnbhiphop
Kelly Rowland,rnbhiphop
Pharrell Williams,rnbhiphop
Chief Keef,rnbhiphop
Mariah Carey,rnbhiphop
B.o.B,rnbhiphop
Fantasia,rnbhiphop
Rick Ross,rnbhiphop
Trinidad James,rnbhiphop
Ace Hood,rnbhiphop
The Game,rnbhiphop
Rocko,rnbhiphop
Kid Cudi,rnbhiphop
John Legend,rnbhiphop
DJ Khaled,rnbhiphop
Rich Homie Quan,rnbhiphop
Beyonce,rnbhiphop
Pharrell Williams,rnbhiphop
Eminem,rnbhiphop
Iggy Azalea,rnbhiphop
John Legend,rnbhiphop
Drake,rnbhiphop
Justin Timberlake,rnbhiphop
Chris Brown,rnbhiphop
Jason Derulo,rnbhiphop
Nicki Minaj,rnbhiphop
Trey Songz,rnbhiphop
ScHoolboy Q,rnbhiphop
Wiz Khalifa,rnbhiphop
JAY-Z,rnbhiphop
YG,rnbhiphop
Michael Jackson,rnbhiphop
Kid Ink,rnbhiphop
Jhene Aiko,rnbhiphop
Justin Bieber,rnbhiphop
Childish Gambino,rnbhiphop
2 Chainz,rnbhiphop
Aloe Blacc,rnbhiphop
Rick Ross,rnbhiphop
R. Kelly,rnbhiphop
T.I.,rnbhiphop
Rihanna,rnbhiphop
August Alsina,rnbhiphop
Future,rnbhiphop
Macklemore & Ryan Lewis,rnbhiphop
Robin Thicke,rnbhiphop
Bobby Shmurda,rnbhiphop
Young Thug,rnbhiphop
Jeremih,rnbhiphop
Jeezy,rnbhiphop
Ty Dolla $ign,rnbhiphop
B.o.B,rnbhiphop
Rae Sremmurd,rnbhiphop
Yo Gotti,rnbhiphop
Mary J. Blige,rnbhiphop
Snoop Dogg,rnbhiphop
Tinashe,rnbhiphop
Kanye West,rnbhiphop
Rich Homie Quan,rnbhiphop
Kendrick Lamar,rnbhiphop
Lil Wayne,rnbhiphop
Tamar Braxton,rnbhiphop
Young Money,rnbhiphop
Usher,rnbhiphop
Sevyn Streeter,rnbhiphop
Rita Ora,rnbhiphop
Drake,rnbhiphop
The Weeknd,rnbhiphop
Fetty Wap,rnbhiphop
Nicki Minaj,rnbhiphop
J. Cole,rnbhiphop
Future,rnbhiphop
Wiz Khalifa,rnbhiphop
Kendrick Lamar,rnbhiphop
Silento,rnbhiphop
Meek Mill,rnbhiphop
Big Sean,rnbhiphop
Rae Sremmurd,rnbhiphop
Beyonce,rnbhiphop
Chris Brown,rnbhiphop
Rihanna,rnbhiphop
Trey Songz,rnbhiphop
Dr. Dre,rnbhiphop
Iggy Azalea,rnbhiphop
Omarion,rnbhiphop
Jeremih,rnbhiphop
T-Wayne,rnbhiphop
Rich Homie Quan,rnbhiphop
A$AP Rocky,rnbhiphop
Usher,rnbhiphop
Flo Rida,rnbhiphop
Kanye West,rnbhiphop
Wale,rnbhiphop
Ne-Yo,rnbhiphop
Natalie La Rose,rnbhiphop
D'Angelo,rnbhiphop
Kid Ink,rnbhiphop
DeJ Loaf,rnbhiphop
Tyga,rnbhiphop
The Game,rnbhiphop
Justin Timberlake,rnbhiphop
Tyrese,rnbhiphop
K. Michelle,rnbhiphop
Janet Jackson,rnbhiphop
iLoveMemphis,rnbhiphop
Jidenna,rnbhiphop
O.T. Genasis,rnbhiphop
Travis Scott,rnbhiphop
Miguel,rnbhiphop
Mary J. Blige,rnbhiphop
Ludacris,rnbhiphop
K Camp,rnbhiphop
Rick Ross,rnbhiphop
Eminem,rnbhiphop
Drake,rnbhiphop
Beyonce,rnbhiphop
Rihanna,rnbhiphop
The Weeknd,rnbhiphop
Future,rnbhiphop
Desiigner,rnbhiphop
Bryson Tiller,rnbhiphop
Kevin Gates,rnbhiphop
Fetty Wap,rnbhiphop
Chris Brown,rnbhiphop
G-Eazy,rnbhiphop
Kanye West,rnbhiphop
Tory Lanez,rnbhiphop
Kendrick Lamar,rnbhiphop
DJ Khaled,rnbhiphop
Travis Scott,rnbhiphop
Jeremih,rnbhiphop
Logic,rnbhiphop
Frank Ocean,rnbhiphop
Prince,rnbhiphop
Young Thug,rnbhiphop
Yo Gotti,rnbhiphop
Kent Jones,rnbhiphop
Jeezy,rnbhiphop
Lil Uzi Vert,rnbhiphop
D.R.A.M.,rnbhiphop
Rae Sremmurd,rnbhiphop
Wiz Khalifa,rnbhiphop
Lil Yachty,rnbhiphop
Post Malone,rnbhiphop
ScHoolboy Q,rnbhiphop
J. Cole,rnbhiphop
Nicki Minaj,rnbhiphop
2 Chainz,rnbhiphop
Usher,rnbhiphop
Gucci Mane,rnbhiphop
Kirk Franklin,rnbhiphop
Ty Dolla $ign,rnbhiphop
Maxwell,rnbhiphop
Rick Ross,rnbhiphop
PARTYNEXTDOOR,rnbhiphop
The Game,rnbhiphop
Chance The Rapper,rnbhiphop
French Montana,rnbhiphop
Macklemore & Ryan Lewis,rnbhiphop
R. Kelly,rnbhiphop
YG,rnbhiphop
iLoveMemphis,rnbhiphop
MadeinTYO,rnbhiphop
Leon Bridges,rnbhiphop
Drake,rnbhiphop
Kendrick Lamar,rnbhiphop
Bruno Mars,rnbhiphop
The Weeknd,rnbhiphop
Future,rnbhiphop
Migos,rnbhiphop
Lil Uzi Vert,rnbhiphop
Post Malone,rnbhiphop
DJ Khaled,rnbhiphop
Khalid,rnbhiphop
J. Cole,rnbhiphop
Kodak Black,rnbhiphop
Rihanna,rnbhiphop
Big Sean,rnbhiphop
21 Savage,rnbhiphop
Travis Scott,rnbhiphop
Gucci Mane,rnbhiphop
Rae Sremmurd,rnbhiphop
Logic,rnbhiphop
Childish Gambino,rnbhiphop
XXXTENTACION,rnbhiphop
SZA,rnbhiphop
Cardi B,rnbhiphop
French Montana,rnbhiphop
Chris Brown,rnbhiphop
Calvin Harris,rnbhiphop
Playboi Carti,rnbhiphop
Bryson Tiller,rnbhiphop
JAY-Z,rnbhiphop
2 Chainz,rnbhiphop
A Boogie Wit da Hoodie,rnbhiphop
Chance The Rapper,rnbhiphop
Russ,rnbhiphop
blackbear,rnbhiphop
Eminem,rnbhiphop
Meek Mill,rnbhiphop
KYLE,rnbhiphop
Nicki Minaj,rnbhiphop
Quavo,rnbhiphop
Yo Gotti,rnbhiphop
Beyonce,rnbhiphop
Ayo & Teo,rnbhiphop
Metro Boomin,rnbhiphop
Zay Hilfigerrr & Zayion McCall,rnbhiphop
Young Thug,rnbhiphop
 Machine Gun Kelly,rnbhiphop
Lil Yachty,rnbhiphop
PnB Rock,rnbhiphop
6LACK,rnbhiphop
Lil Pump,rnbhiphop
Drake,rnbhiphop
Post Malone,rnbhiphop
Cardi B,rnbhiphop
XXXTENTACION,rnbhiphop
Migos,rnbhiphop
Travis Scott,rnbhiphop
Eminem,rnbhiphop
Juice WRLD,rnbhiphop
Kendrick Lamar,rnbhiphop
Bruno Mars,rnbhiphop
The Weeknd,rnbhiphop
J. Cole,rnbhiphop
Nicki Minaj,rnbhiphop
6ix9ine,rnbhiphop
Lil Baby,rnbhiphop
Khalid,rnbhiphop
Lil Wayne,rnbhiphop
YoungBoy Never Broke Again,rnbhiphop
Ella Mai,rnbhiphop
G-Eazy,rnbhiphop
NF,rnbhiphop
Lil Uzi Vert,rnbhiphop
Lil Pump,rnbhiphop
Chris Brown,rnbhiphop
Logic,rnbhiphop
SZA,rnbhiphop
Kodak Black,rnbhiphop
21 Savage,rnbhiphop
Rich The Kid,rnbhiphop
Kanye West,rnbhiphop
Lil Skies,rnbhiphop
Childish Gambino,rnbhiphop
The Carters,rnbhiphop
BlocBoy JB,rnbhiphop
Offset,rnbhiphop
Metro Boomin,rnbhiphop
JAY-Z,rnbhiphop
Trippie Redd,rnbhiphop
Future,rnbhiphop
Gucci Mane,rnbhiphop
YG,rnbhiphop
 Gunna,rnbhiphop
Famous Dex,rnbhiphop
Beyonce,rnbhiphop
Ty Dolla $ign,rnbhiphop
Tyga,rnbhiphop
Quavo,rnbhiphop
A$AP Rocky,rnbhiphop
H.E.R.,rnbhiphop
DJ Khaled,rnbhiphop
Post Malone,rnbhiphop
Khalid,rnbhiphop
Drake,rnbhiphop
Lil Nas X,rnbhiphop
Travis Scott,rnbhiphop
Juice WRLD,rnbhiphop
DaBaby,rnbhiphop
Cardi B,rnbhiphop
Lil Baby,rnbhiphop
Meek Mill,rnbhiphop
A Boogie Wit da Hoodie,rnbhiphop
Lizzo,rnbhiphop
21 Savage,rnbhiphop
XXXTENTACION,rnbhiphop
Chris Brown,rnbhiphop
Kodak Black,rnbhiphop
Gunna,rnbhiphop
J. Cole,rnbhiphop
Young Thug,rnbhiphop
Lil Tecca,rnbhiphop
YoungBoy Never Broke Again,rnbhiphop
YNW Melly,rnbhiphop
Ella Mai,rnbhiphop
Swae Lee,rnbhiphop
Eminem,rnbhiphop
NF,rnbhiphop
DJ Khaled,rnbhiphop
Offset,rnbhiphop
Lil Wayne,rnbhiphop
Tyler The Creator,rnbhiphop
Future,rnbhiphop
Blueface,rnbhiphop
Summer Walker,rnbhiphop
Nipsey Hussle,rnbhiphop
Mustard,rnbhiphop
Megan Thee Stallion,rnbhiphop
Lil Uzi Vert,rnbhiphop
Polo G,rnbhiphop
6ix9ine,rnbhiphop
City Girls,rnbhiphop
Trippie Redd,rnbhiphop
Kanye West,rnbhiphop
Sheck Wes,rnbhiphop
Bruno Mars,rnbhiphop
Beyonce,rnbhiphop
Migos,rnbhiphop
Metro Boomin,rnbhiphop
Calboy,rnbhiphop
Nicki Minaj,rnbhiphop
Kendrick Lamar,rnbhiphop
Juice WRLD,rnbhiphop
Roddy Ricch,rnbhiphop
The Weeknd,rnbhiphop
DaBaby,rnbhiphop
Lil Baby,rnbhiphop
Drake,rnbhiphop
Pop Smoke,rnbhiphop
Post Malone,rnbhiphop
Lil Uzi Vert,rnbhiphop
YoungBoy Never Broke Again,rnbhiphop
Rod Wave,rnbhiphop
Megan Thee Stallion,rnbhiphop
Doja Cat,rnbhiphop
Justin Bieber,rnbhiphop
Travis Scott,rnbhiphop
Future,rnbhiphop
Young Thug,rnbhiphop
Gunna,rnbhiphop
Chris Brown,rnbhiphop
Polo G,rnbhiphop
Eminem,rnbhiphop
Jhene Aiko,rnbhiphop
 Summer Walker,rnbhiphop
Jack Harlow,rnbhiphop
Lil Mosey,rnbhiphop
Moneybagg Yo,rnbhiphop
Arizona Zervas,rnbhiphop
Khalid,rnbhiphop
Cardi B,rnbhiphop
A Boogie Wit da Hoodie,rnbhiphop
Lizzo,rnbhiphop
Trippie Redd,rnbhiphop
JACKBOYS,rnbhiphop
Lil Durk,rnbhiphop
Mustard,rnbhiphop
Trevor Daniel,rnbhiphop
YNW Melly,rnbhiphop
Don Toliver,rnbhiphop
Tory Lanez,rnbhiphop
 blackbear,rnbhiphop
XXXTENTACION,rnbhiphop
NLE Choppa,rnbhiphop
Lil Nas X,rnbhiphop
Bob Marley And The Wailers,rnbhiphop
Lil Wayne,rnbhiphop
Lil Tjay,rnbhiphop
DJ Khaled,rnbhiphop
StaySolidRocky,rnbhiphop
21 Savage,rnbhiphop
Lil Tecca,rnbhiphop
Beyonce,rnbhiphop
Ne-Yo,rnbhiphop
Drake,rnbhiphop
 Maxwell,rnbhiphop
T.I.,rnbhiphop
Jamie Foxx,rnbhiphop
Keyshia Cole,rnbhiphop
Keri Hilson,rnbhiphop
The-Dream,rnbhiphop
Musiq Soulchild,rnbhiphop
T-Pain,rnbhiphop
Usher,rnbhiphop
Jennifer Hudson,rnbhiphop
Jazmine Sullivan,rnbhiphop
Lil Wayne,rnbhiphop
Trey Songz,rnbhiphop
Pleasure P,rnbhiphop
Kanye West,rnbhiphop
Soulja Boy Tell'em,rnbhiphop
Charlie Wilson,rnbhiphop
Jeremih,rnbhiphop
Ginuwine,rnbhiphop
Young Money,rnbhiphop
Plies,rnbhiphop
Gucci Mane,rnbhiphop
Usher,rnbhiphop
Trey Songz,rnbhiphop
Drake,rnbhiphop
Alicia Keys,rnbhiphop
Ludacris,rnbhiphop
Monica,rnbhiphop
Maxwell,rnbhiphop
Nicki Minaj,rnbhiphop
Jaheim,rnbhiphop
Melanie Fiona,rnbhiphop
Mary J. Blige,rnbhiphop
Gucci Mane,rnbhiphop
Rihanna,rnbhiphop
Young Money,rnbhiphop
Robin Thicke,rnbhiphop
Lil Wayne,rnbhiphop
T.I.,rnbhiphop
Chris Brown,rnbhiphop
Waka Flocka Flame,rnbhiphop
Fantasia,rnbhiphop
Plies,rnbhiphop
Ne-Yo,rnbhiphop
Rick Ross,rnbhiphop
JAY-Z,rnbhiphop
Young Jeezy,rnbhiphop
Chris Brown,rnbhiphop
Lil Wayne,rnbhiphop
Drake,rnbhiphop
Trey Songz,rnbhiphop
Nicki Minaj,rnbhiphop
Miguel,rnbhiphop
Kanye West,rnbhiphop
Rick Ross,rnbhiphop
Big Sean,rnbhiphop
Wiz Khalifa,rnbhiphop
Marsha Ambrosius,rnbhiphop
R. Kelly,rnbhiphop
Rihanna,rnbhiphop
Kelly Rowland,rnbhiphop
Beyonce,rnbhiphop
Waka Flocka Flame,rnbhiphop
DJ Khaled,rnbhiphop
Charlie Wilson,rnbhiphop
Keri Hilson,rnbhiphop
Ace Hood,rnbhiphop
Lloyd,rnbhiphop
Jamie Foxx,rnbhiphop
Kem,rnbhiphop
Kirk Franklin,rnbhiphop
Travis Porter,rnbhiphop
Drake,rnbhiphop
Beyonce,rnbhiphop
Trey Songz,rnbhiphop
Chris Brown,rnbhiphop
Usher,rnbhiphop
Wale,rnbhiphop
Miguel,rnbhiphop
Lil Wayne,rnbhiphop
2 Chainz,rnbhiphop
Rick Ross,rnbhiphop
J. Cole,rnbhiphop
Nicki Minaj,rnbhiphop
Kanye West,rnbhiphop
Future,rnbhiphop
Big Sean,rnbhiphop
Rihanna,rnbhiphop
Young Jeezy,rnbhiphop
JAY-Z,rnbhiphop
Tyga,rnbhiphop
Kirko Bangz,rnbhiphop
Ca$h Out,rnbhiphop
Mary J. Blige,rnbhiphop
Anthony Hamilton,rnbhiphop
Robin Thicke,rnbhiphop
Tyrese,rnbhiphop
Macklemore & Ryan Lewis,rnbhiphop
Drake,rnbhiphop
Robin Thicke,rnbhiphop
Rihanna,rnbhiphop
Justin Timberlake,rnbhiphop
JAY-Z,rnbhiphop
Kendrick Lamar,rnbhiphop
Lil Wayne,rnbhiphop
2 Chainz,rnbhiphop
Miguel,rnbhiphop
Eminem,rnbhiphop
Future,rnbhiphop
Chris Brown,rnbhiphop
J. Cole,rnbhiphop
Wanz,rnbhiphop
A$AP Rocky,rnbhiphop
Alicia Keys,rnbhiphop
Nicki Minaj,rnbhiphop
T.I.,rnbhiphop
Wale,rnbhiphop
Ciara,rnbhiphop
Ray Dalton,rnbhiphop
Big Sean,rnbhiphop
Juicy J,rnbhiphop
Sage The Gemini,rnbhiphop
Pharrell Williams,rnbhiphop
Iggy Azalea,rnbhiphop
John Legend,rnbhiphop
Jason Derulo,rnbhiphop
Drake,rnbhiphop
Eminem,rnbhiphop
Beyonce,rnbhiphop
Chris Brown,rnbhiphop
Nicki Minaj,rnbhiphop
Trey Songz,rnbhiphop
YG,rnbhiphop
Kid Ink,rnbhiphop
2 Chainz,rnbhiphop
ScHoolboy Q,rnbhiphop
JAY-Z,rnbhiphop
Wiz Khalifa,rnbhiphop
Charli XCX,rnbhiphop
Bobby Shmurda,rnbhiphop
Young Thug,rnbhiphop
Aloe Blacc,rnbhiphop
Jeremih,rnbhiphop
T.I.,rnbhiphop
Ty Dolla $ign,rnbhiphop
Rae Sremmurd,rnbhiphop
Future,rnbhiphop
The Weeknd,rnbhiphop
Fetty Wap,rnbhiphop
Drake,rnbhiphop
Silento,rnbhiphop
Wiz Khalifa,rnbhiphop
Nicki Minaj,rnbhiphop
 Rae Sremmurd,rnbhiphop
Future,rnbhiphop
Big Sean,rnbhiphop
Rihanna,rnbhiphop
Chris Brown,rnbhiphop
Charlie Puth,rnbhiphop
J. Cole,rnbhiphop
Beyonce,rnbhiphop
Jeremih,rnbhiphop
Omarion,rnbhiphop
T-Wayne,rnbhiphop
Meek Mill,rnbhiphop
Rich Homie Quan,rnbhiphop
Trey Songz,rnbhiphop
Flo Rida,rnbhiphop
Natalie La Rose,rnbhiphop
Kanye West,rnbhiphop
Usher,rnbhiphop
Kendrick Lamar,rnbhiphop
Lady Antebellum,country
Phillip Phillips,country
Jonas Brothers,pop
Saweetie,rap
Zayn,pop
One Direction,pop
Jay-Z + Alicia Keys,rnbhiphop
Billie Eilish,pop
5 Seconds Of Summer,pop
Jay Z Kanye West,rnbhiphop
Demi Lovato,rnbhiphop
Zayn / Taylor Swift,pop
Amine,rap
Jason Mraz,pop
Asher Roth,rap
Cali Swag District,rap
Jay-Z + Mr. Hudson,rnbhiphop
Jay-Z + Alicia Keys,rnbhiphop
Gavin DeGraw,country
Colbie Caillat,pop
Panic! At The Disco,pop
Kesha,pop
Harry Styles,pop
Dua Lipa,pop
James Arthur,pop
Lukas Graham,pop
Iyaz,rnbhiphop
Sara Bareilles,pop
Meghan Trainor,rnbhiphop
Avicii,pop
Sean Kingston,rap
Owl City,pop
YK Osiris,rap
Avril Lavigne,pop
Jessie J,pop
James Bay,pop
Jordin Sparks,pop
The Pussycat Dolls,pop
Flipp Dinero,rap
SHAED,pop
Dean Lewis,pop
Camila Cabello,rnbhiphop
Kristinia DeBarge,rnbhiphop
Lauv,pop
Julia Michaels,pop
Jon Bellion,rnbhiphop
Andy Grammer,pop
Sia,pop
Mike Posner,pop
Kiiara,pop
Owl City,pop
Christina Perri,pop
The Veronicas,pop
MKTO,pop
Mr. Probz,rap
Capital Cities,pop
Rachel Platten,pop
Ella Henderson,rnbhiphop
Cher Lloyd,rap
Karmin,pop
Jason Mraz,pop
Foster The People,pop
Adam Lambert,pop
